pathway,GSM5509045,GSM5509046,GSM5509047,GSM5509048,GSM5509049,GSM5509050,GSM5509051,GSM5509052,GSM5509053,GSM5509054,GSM5509055,GSM5509056,GSM5509057,GSM5509058,GSM5509059,GSM5509060,GSM5509061,GSM5509062,GSM5509063,GSM5509064,GSM5509065,GSM5509066,GSM5509067,GSM5509068,GSM5509069,GSM5509070,GSM5509071,GSM5509072,GSM5509073,GSM5509074,GSM5509075,GSM5509076,GSM5509077,GSM5509078,GSM5509079,GSM5509080,GSM5509081,GSM5509082,GSM5509083,GSM5509084,GSM5509085,GSM5509086,GSM5509087,GSM5509088,GSM5509089,GSM5509090,GSM5509091,GSM5509092,GSM5509093,GSM5509094,GSM5509095,GSM5509096,GSM5509097,GSM5509098,GSM5509099,GSM5509100,GSM5509101,GSM5509102,GSM5509103,GSM5509104,GSM5509105,GSM5509106,GSM5509107,GSM5509108,GSM5509109,GSM5509110,GSM5509111,GSM5509112,GSM5509113,GSM5509114,GSM5509115,GSM5509116,GSM5509117,GSM5509118,GSM5509119,GSM5509120,GSM5509121,GSM5509122,GSM5509123,GSM5509124,GSM5509125,GSM5509126,GSM5509127
HALLMARK_ADIPOGENESIS,-0.2794966197435639,-0.3081540886792034,-0.37467242911127313,-0.3549369161400199,-0.3849291778229472,-0.3842666652295008,-0.33736913549891656,-0.3724334848946231,-0.19996273044856885,-0.20496697047160203,-0.3036592244283733,-0.36268381060445776,-0.34403107001260996,-0.38270709938281666,-0.328193586313863,-0.31133799573917886,-0.27941544980659633,-0.3808668887208419,-0.33216191154910857,-0.04820061124732769,-0.006725553104539567,-0.035267204009251846,-0.053191719765152856,-0.0647035129990702,-0.07905569820537452,-0.003326894889356058,-0.02914280883289036,-0.06478302876438627,-0.09378822822057639,-0.0037484274137620233,-0.024519464403032126,-0.03503218372437286,-0.13785803852357886,-0.09233579936952263,-0.09637421923358208,-0.07770844481489314,0.02636084684577278,-0.07578067019772507,-0.09737514137186751,0.2304990171562319,0.21829135855636594,0.28227774717923676,0.23595685008906422,0.2669286487597885,0.22331578898884033,0.3296686908249728,0.22565876161955745,0.2327798208319457,0.22744097430301977,0.1483411883515512,0.21247594375915244,0.21630625190009695,0.22045106051139396,0.2222074588211766,-0.2536312486296185,-0.18008817052214077,-0.16407899304407125,-0.24055330154480825,-0.22214114538011798,-0.2437326333939488,-0.2579685977801598,-0.3099919350627312,-0.2666840045938706,-0.2678798532988812,-0.26778959472136943,-0.2091439523640146,-0.10040469007565592,-0.23092197971592723,-0.22672446608622257,0.011590241507646842,-0.06672750962302089,0.009271101888574523,0.07055924513964368,-0.04634678857440405,-0.00323012320441618,0.04070799869179928,-0.0984907192378672,-0.05397121616567538,0.0751548355317607,0.044149009955021884,0.02210177121006507,0.03215631773216912,0.008782055779493703
HALLMARK_ALLOGRAFT_REJECTION,-0.39547182964434696,-0.39885647038145033,-0.4228059633872734,-0.4231116582498335,-0.4414645743542892,-0.41610422335206637,-0.3996656034276658,-0.39620909145003025,-0.33511083744860476,-0.4704426803512421,-0.43555191274489113,-0.408495322630026,-0.40532817452836334,-0.46902161847747514,-0.4203768081397098,-0.434026568117012,-0.4198467784630126,-0.4706160551024522,-0.3709542436330964,-0.4131905934118659,-0.4150293572327337,-0.41848283261423547,-0.43512358068208473,-0.37716723561659615,-0.42941954041978936,-0.38951948266222813,-0.4580931344494275,-0.451712519480504,-0.4369949525214333,-0.49424327085248637,-0.4710068513458909,-0.46566233939266954,-0.4412614476427977,-0.4596291112544571,-0.44001843647237443,-0.4984316332464194,-0.4808760088550259,-0.46415781275548185,-0.41466249746865,-0.44296259133639143,-0.39948169772329384,-0.4320651396067689,-0.3618628170144689,-0.3897477979860255,-0.4190337342168566,-0.4622531649124855,-0.28254168201560553,-0.39662666498730526,-0.4229522217437678,-0.47164329561483037,-0.3120205910435587,-0.4187221687638229,-0.3771705848330348,-0.4124422900747795,-0.16625998053381347,-0.15668035744659137,-0.39180091532163464,-0.1520473220071519,-0.16274961565405532,-0.18221286947809212,-0.1868113941540146,-0.15613713277224012,-0.1648602025556852,-0.2622888588437883,-0.17549871519646773,-0.29213315922207933,-0.25152328848088257,-0.19274373189215474,-0.3673673666324534,-0.45659764861959823,-0.4658952084672142,-0.4605644856259648,-0.4365593296760998,-0.5028950810002971,-0.4772486083425401,-0.44253208603203564,-0.40141764589324946,-0.5273952636881991,-0.44550518106117293,-0.3775361414061295,-0.42854440709993635,-0.3610907371412159,-0.4092572787855291
HALLMARK_ANDROGEN_RESPONSE,0.09939028762946889,0.02457260810480305,0.05312808168942053,0.14384248286051288,-0.01036175796157579,-0.007068622168246247,0.11899426565802043,-0.06688092876983193,0.12135905751873804,-0.19960035726575076,-0.17234192470986598,-0.13510819222761739,-0.22461864961654956,-0.08306104004480636,0.06486611881900095,0.08166976464715558,-0.13038660129239335,-0.25029924441220963,-0.02632977533789327,-0.004661678906354189,-0.04656394024996707,-0.04985613624372104,-0.04177496310215892,-0.11837254289906596,-0.12142794188129785,0.06652373644418516,0.048625721748349254,-0.07251815130179609,0.020310745047987244,-0.11645425933710435,-0.06637591879125179,-0.0024874668066448002,-0.04857733570301348,-0.27783871521159054,-0.3066656681175448,-0.19913505655167682,-0.1994538901175991,-0.24357850293761493,-0.2506526186919644,-0.12233853998980526,-0.08715566672267683,0.006939189995004563,-0.1343970409217845,-0.08988292649247168,-0.13606677283476146,0.09506394994769088,-0.027711446639049814,-0.14068728943702685,0.05917241726026784,-0.09233375603111997,0.1107442419222674,-0.009726829020815037,0.05906308611321809,0.062031123017990575,0.15899629205065963,0.22258055108169586,0.2141141185094544,0.11808592349631092,0.17288358460274222,0.16199841433983886,0.07813993042999494,-0.08111882922133457,0.012774118745521465,0.09804802844244753,0.1366539964580497,0.15223697973323075,0.1308918184097944,0.08578094949284482,0.11381507926445872,-0.1926228924614399,-0.3217546273188313,-0.18151372591045933,-0.3531664947241947,-0.3210012196737481,-0.3092642506323148,-0.2571321253660315,-0.3382385437044199,-0.35032078776963416,-0.25559020838045093,-0.2058058948894802,-0.23512446324915023,-0.19680313693811513,-0.28604525093891925
HALLMARK_ANGIOGENESIS,0.3763628519317358,0.4158465320808362,0.2737651396054409,0.3860660409605826,0.2927531164069429,0.4338670108027047,0.28207635558860217,0.02580824125366818,0.3705062407906948,0.2957959068952077,0.25795093139473996,0.1802413773819413,0.29232848305091036,0.13529467292439545,0.1482918060612271,0.2904138206093291,0.12002227948795272,0.15980087361923861,0.2954278981090262,0.3573375439494411,0.37190215909508245,0.3777630756154122,0.3419763158198965,0.3506843346377906,0.300965525050952,0.34642986559154915,0.35078760962303923,0.2853752704102391,0.21395430723992492,0.09652859644632789,0.130784904931697,0.16683379252750996,0.14869526253340978,-0.046153476057127385,-0.01711022160122916,-0.026963256437045863,-0.060639663680284256,-7.858894099873615e-4,-0.09311220217117366,-0.12238002469070039,-0.23434558518699178,-0.2753409801848813,-0.15115142439749024,-0.25334104818385567,-0.20064601132320412,-0.35933659786180755,-0.1661293556005252,-0.12145257933908926,-0.1968868463975217,-0.31465252204319316,-0.4633219059225795,-0.22006612744124318,-0.33423570553777165,-0.20335474792172475,0.05136645373348431,-0.011562283097140247,-0.12269016005003158,-0.1038265660155884,0.1450730557849546,0.040851972724470775,0.04391180689660526,-0.0511193152951083,-0.033956868766589265,0.06615584196010446,0.028862821001040512,-0.04942033595700124,0.0421792698432257,-0.04395823952249364,-0.10763802567706857,0.11420109084051606,0.10691840301248026,0.1579048921359232,0.017722041451108533,-0.10389728119791519,-0.20933898702996323,-0.1597315138117379,-0.07254999000453019,-0.21852754890022658,0.02756457628277499,0.0029382032025842275,0.23341472763629795,0.10465799579542,0.15558852545324292
HALLMARK_APICAL_JUNCTION,0.13016536535306406,0.12864350337922648,-0.05149844006699392,0.0206085558133966,0.008799209035355748,0.019494294673607082,-0.029137337440881067,-0.11858129933626058,0.029307921817679744,-0.009050671044777941,-0.005333251865252048,-0.15777231828912128,-0.07633298790876697,-0.13656126555931877,-0.14347523188533629,-0.0740809068329038,-0.13305374058335767,-0.1621453739408788,-0.029135268929746994,-0.13718068560333235,-0.12172193398891777,-0.0980854818933914,-0.13184736841337774,-0.11985086875521697,-0.1560624376997317,-0.18116065365158526,-0.1183508045287414,-0.15426424227940186,-0.17041925665232552,-0.15722022265043473,-0.14183867392238927,-0.2005024089267705,-0.14465396649183565,-0.1869537545092098,-0.22327120604510892,-0.20709096873577615,-0.19951518879941113,-0.16140760219939643,-0.20096255689961884,-0.3261658587331393,-0.3624240156221928,-0.3380245459113416,-0.31671354372460386,-0.367855226620791,-0.3453540998156711,-0.36330132515055735,-0.3442019028613067,-0.3622028595660982,-0.21882500535776106,-0.2294782186671655,-0.27791764194356516,-0.2701188415158736,-0.28468937220083856,-0.27036809959215,-0.14593556608458158,-0.057229457978502485,-0.15122084111788484,-0.031244963201498083,-0.0672668099456456,-0.06860253816373496,-0.09489222681462631,-0.12197612347936157,-0.13240855637984789,0.05376309852371891,0.0035732066886129954,-0.04296056542116922,-0.05047611134685703,-0.06398172377366054,-0.07704199024085245,-0.25095955354961696,-0.24199485217579772,-0.2229546940892631,-0.23754397542943245,-0.2624639900733784,-0.2717057269904629,-0.2618750465300539,-0.28239981421586346,-0.2634657311247115,-0.208008015450684,-0.19823980123320545,-0.16242356076818515,-0.11691727715461149,-0.190636245027905
HALLMARK_APICAL_SURFACE,0.30322119473749065,0.1882171159241003,-0.0423829468530304,0.1737070876310811,0.15332103615415177,0.05278754831646221,0.23355215225908793,0.14838045401595515,0.23926939478966847,0.24781207587956966,0.2368975399409292,0.09867999513372946,0.010948261530514813,0.14341121079883032,0.05930378507777584,0.06037477224125942,0.09964281585382942,-0.050773827952190945,0.034246316691224105,-0.24946280803831952,-0.26097332856030886,-0.3790861730343718,-0.18952621774913098,-0.29304601321846624,-0.20068043242576578,-0.2444436735069285,-0.20307490143119017,-0.2064317170643652,-0.26582632784348087,-0.19560167560874758,-0.21472890126997318,-0.28246823129308624,-0.21195690829281033,-0.16272379884108357,-0.19928278673699706,-0.27727411132680224,-0.21171166294653984,-0.14417707813935454,-0.13317129488649682,0.037559807627522535,-0.05197492842576315,0.11460179009535212,0.09155316949079809,0.07690880769544808,0.010770819256269437,0.005952082047072732,0.16113528268502092,-0.03084480674534784,0.15111336091156816,0.01514536942284228,0.14696462898766618,0.10111966663070646,0.16902541504410304,0.18471761357896138,0.06552231375226064,0.018773343758962363,-0.1976894725196161,0.18016019271304162,0.06757081264870203,0.061608545583337254,0.0036025665045807537,-0.015206416111898435,-0.006990111001149518,0.24073219098394832,0.18988272872011663,0.10178909511499856,-0.028619262512189547,0.02472111332132615,-0.11799929906974303,-0.25554809979643206,-0.23442522131878177,-0.21465481981094897,-0.21977445609987475,-0.3441237556880915,-0.23679963268346219,-0.2912361607178092,-0.313311706892182,-0.27868902815984736,-0.28278493040052166,-0.34724980964207064,-0.3189392026973983,-0.27278260693376016,-0.3102975360092814
HALLMARK_APOPTOSIS,0.03097434271729055,0.030442407215754613,-0.031700299012617617,0.033119161267773284,0.032803713977250515,-0.012493643870784388,0.05316481490788427,-0.0548542473245536,-0.025428405173381546,-0.03413364164298957,-0.03627610221816782,0.03756815382995435,0.020086370056569075,-0.056794079590415214,-0.05396328872168729,-0.08130987656461103,2.751877018392357e-4,-0.2017872781677874,-0.05588737197270616,-0.26004758454964194,-0.035497538178908494,-0.09585435487257613,-0.2141228074803529,-0.20396053054072041,-0.18613495721970708,-0.07861316788688619,-0.06798408710378082,-0.21032919082049983,-0.18825590179196167,-0.2681034510853544,-0.2354544187759644,-0.2685141484620475,-0.2570019178615741,-0.2859100376182169,-0.286520660759398,-0.28449783647423654,-0.27382718947754403,-0.2711489473357902,-0.2435180968146549,-0.2235626440745073,-0.21941646433742107,-0.19404386913980326,-0.2539317564404545,-0.19850249981416732,-0.2398403931883395,-0.12905716984309754,-0.20405389983368086,-0.2051363273929421,-0.20114478221429774,-0.2284837136188428,-0.15992283933089285,-0.16134319348815207,-0.2158612602136678,-0.14106806831893348,-0.04336569908965657,-0.033027403267944344,-0.05190932345463675,-0.08465624322032769,0.012492350185996454,-0.06293752537858299,-0.1202499075259156,-0.06887811533757557,-0.098975610762538635,-0.02634241075996621,-0.029125056908932412,-0.0382474394508894,-0.02219321017579523,-0.012950135355516229,-0.13254635926683966,-0.2524839502549944,-0.2761305203386147,-0.29515992872335817,-0.3131476041131021,-0.31260564509799094,-0.28312953031840626,-0.273100453998359,-0.3047851581644522,-0.33387093024349107,-0.3091778577866563,-0.2671664566997383,-0.1983389719421641,-0.19932766061386953,-0.2277843639381187
HALLMARK_BILE_ACID_METABOLISM,-0.14406508201081478,-0.195183957031302,-0.11936527691948692,-0.05435786803531166,-0.0912506055269458,-0.16713810236971735,-0.138662483530873,-0.05410827353681742,-0.046519560179482417,0.13124208842298363,-0.0614435087568477,-0.017495234149865743,-0.0012878857347711214,0.05161589929273176,-0.08392496654783431,-0.1251392745998692,0.10844561022471289,0.08695277898438088,0.07368695899919898,-0.2792353915995291,-0.18402093626216598,-0.23280505160876738,-0.2777396948181236,-0.22516014651613367,-0.28091248633465565,-0.18990114195551902,-0.1991679934501942,-0.29657591295624536,-0.1822132732724105,-0.2290640767573884,-0.2394985757042677,-0.16888677878358893,-0.27158196233514464,-0.15868903615212265,-0.06228347981388607,-0.11510190213356902,-0.020878202479474806,-0.04846661597314966,-0.051684453231573654,0.037193851533834504,0.11100086403290038,0.11933504979041838,0.14418184629731268,0.11900292881127414,0.2264227115028539,0.18930866233698046,0.12954758100508085,0.15236228296924806,0.1590135457873783,0.14767772412496782,0.12503594036696666,0.16155285580241552,0.2108347438642132,0.15533639280426204,-0.3309725805811856,-0.3136757668261657,-0.26701777542868455,-0.3163680113060761,-0.3175123769164183,-0.27656474905868056,-0.29735775988906105,-0.2849709220196764,-0.2584069215310416,-0.14931282054694284,-0.207425951280854,-0.06946828677633225,-0.19503138629777883,-0.21066441182204107,-0.18197233010273497,0.06023265321564747,0.01622007391336963,0.005275462135106962,0.09558297262592083,0.07502468542806989,0.18948264345926402,0.24054944658680982,0.11788782002089492,0.17594682211760837,0.28974338173456304,0.31553953523092754,0.374709102555795,0.3333526560768504,0.28542204932651277
HALLMARK_CHOLESTEROL_HOMEOSTASIS,0.06183374669409286,-0.09120489230312206,-0.22015806990363188,-0.06614646631277671,-0.23965070598723454,-0.21875494599050382,-0.04547919700428024,-0.40759541232354957,0.12070516122089398,-0.33746151109968153,-0.269758201448484,-0.3622929703783141,-0.28057708212290844,-0.4692002085887458,-0.28485956320227795,-0.28515243588996364,-0.36278815293015954,-0.4184163919823224,-0.3275924450468477,0.02348652983276836,-0.06686648639123688,0.022852282472117763,-0.07854703575367078,0.014298004612053772,-0.08758863257963438,-0.041664382385617676,-0.07402193487690692,-0.07753958508644691,-0.22491449830202037,-0.18767366028175997,-0.1563535906924856,-0.2238765470705925,-0.21064204393562308,-0.258795055950016,-0.2505515120797912,-0.22580317303086875,-0.1170261810133816,-0.1747013973149999,-0.22781494400565494,-0.06296405243305755,0.0030547775580094805,0.02002768701763835,-0.06430698365529786,-0.05758838295505367,-0.15566577385230695,-0.029018648274874187,-0.040445777912362785,-0.12996927144693668,-0.2819173428801425,-0.3262859926061245,-0.2986865599786195,-0.28349785968880203,-0.26220706158161877,-0.2437627953761922,0.23497637654252218,0.3460107263354356,0.3010952151246552,0.24775063055622382,0.26244060360135546,0.29215869665865457,0.26660344731269203,0.24356015557278604,0.1944887248171347,0.3823354467488689,0.39482503666055424,0.36001323895165216,0.3751549051382368,0.2996946931641935,0.3056952890109752,0.07052608978297809,-0.0451635731925753,0.1367413755432852,-0.04066608448150641,-0.17550665879969365,-0.07012479556714174,0.08103649369033111,-0.19373550454574584,-0.12492716073794745,0.12272854689451998,0.05278213856452632,0.09462309801871811,0.12467200497351501,-0.044397222693011024
HALLMARK_COAGULATION,0.058484187638271456,0.038737064010044564,-0.06726695193217985,0.05129967701421878,-0.07946534016291036,0.03970206881938501,-0.0063856850769862805,-0.11461668824317091,0.04057607618843126,0.03897367573803773,-0.06855965816932172,-0.17368259412612091,-0.055913072782539514,-0.13789304255684007,-0.06690118667412034,-0.17967420214669433,-0.08742642834369278,-0.09545807873045423,0.058959174054704605,-0.17521884480635158,-0.1388188673861323,-0.18799748389186594,-0.32236672507426367,-0.1059997349985392,-0.23701052623522598,-0.10673306871342937,-0.12237165282919743,-0.21161159892576917,-0.23078709677097498,-0.21814055802624854,-0.20847143439887839,-0.2323833884813329,-0.2520946801973195,-0.19916859341200152,-0.25772688803140853,-0.28485701300840804,-0.13395140092566699,-0.21921341356259794,-0.21528456719096747,-0.27944202204270735,-0.3463149101299826,-0.3200502946196572,-0.3284650014191951,-0.2980884560297448,-0.29705123470846156,-0.18055302861316236,-0.3306947118323216,-0.3380094254782228,-0.19663389785340707,-0.23931982630141405,-0.12202384715762431,-0.1929794014898058,-0.20772818996508519,-0.15035112282375684,-0.17701760681908346,-0.04307449334080424,-0.020809048244962713,-0.1819729779090437,-0.10689212991181413,-0.17811684831380487,-0.10287931381162008,-0.2898777974168198,-0.27289874816286797,0.04366467167020874,-0.12428869572187223,0.023806034106319818,0.032193441318409316,-0.053925173605821275,-0.07429423249691597,-0.1998226171556388,-0.19961261362380534,-0.1361336557562508,-0.1695721850400703,-0.22248463144750763,-0.2375130269584088,-0.18349213878883097,-0.21979629605977108,-0.2635036886222923,-0.07027352790913974,-0.09621081924052668,-0.04402813112146062,-0.0549398792346914,-0.06621481853631087
HALLMARK_COMPLEMENT,-0.08664308054110878,-0.20102334540093655,-0.20807657693792303,-0.07062457096721106,-0.22428123605608463,-0.1262022458782744,-0.09071217774716774,-0.1708007474391221,-0.07834490883785258,-0.18504064547196147,-0.19921113832161313,-0.22963126203568496,-0.14642591763857923,-0.19102530906489074,-0.06218173640521002,-0.21183943105475878,-0.19019524379656566,-0.2323655185626569,-0.08889131110523266,-0.20267263536610264,-0.16914488269737385,-0.19699156005794843,-0.2924366922703398,-0.2157936828188479,-0.2544708210600914,-0.13723086046501676,-0.22885341551369248,-0.2766272268727726,-0.25886345340263894,-0.2096537407805758,-0.21879301639961293,-0.24360983703736874,-0.25587392349312527,-0.2772477741128895,-0.37113135350798143,-0.33490457741658236,-0.2809327572095293,-0.35036834381444115,-0.3142371169213004,-0.25977773843985635,-0.29718474181098165,-0.23056992267678908,-0.26125658706887045,-0.2672928243647678,-0.22244914301194568,-0.125590486908501,-0.1710176058601639,-0.2572003052400197,-0.156712385651876,-0.24683109412541837,-0.02847736491902847,-0.107340381568514,-0.10878711050676801,-0.05126861451302098,0.10413108949857885,0.10016482544773384,0.022036322072186615,0.03292330435975613,0.16877741467055538,0.06933928604696549,0.0700950560643186,0.03904271745750745,-0.04329618408836686,0.11235445244356218,0.13227316128223443,0.1282007052929895,0.1442948681915566,0.14000978915373835,0.03416227648946435,-0.22410303565549922,-0.27206880842724046,-0.22997965780227575,-0.21274419339419853,-0.3564052220570982,-0.2780742203959696,-0.2048274545610409,-0.39165721233300005,-0.37136352636892983,-0.2113948881058882,-0.15224890742954533,-0.16226291923802516,-0.1236839645213082,-0.12999555009747768
HALLMARK_DNA_REPAIR,-0.3727848077783133,-0.36811712139238345,-0.4306470461345776,-0.4242700992864861,-0.42516162446838673,-0.4547271498931544,-0.39263773695850496,-0.39786912617244286,-0.40009940795039933,-0.3560541172934496,-0.4192485455292161,-0.41577196151039375,-0.4213228259088058,-0.3966995944596897,-0.40152125967166336,-0.3623269784342777,-0.47606395926932293,-0.49596944628882766,-0.42172018900574615,0.2114100416110624,0.13772762987087359,0.14267266822506716,0.18931326272536964,0.24140585127387995,0.2383174916550831,0.12219103096995113,0.15620436815799324,0.24136661144232324,0.08787951058277574,0.2292229515122007,0.23935981737888978,0.14007085473630052,0.15014255102938898,0.0807191477611798,0.11234769684899942,0.09747416607467299,0.12872971004609746,0.21337844040732773,0.17389365211134386,-0.04371261401658133,-0.1060811157106895,0.024297876049026668,-0.06291218823960276,-0.07391137623079669,-0.18249684154301615,-0.07520252991017984,-0.11161950997810267,-0.205760841702971,-0.25853634072940435,-0.3117944749413718,-0.2663825015661153,-0.24592231877787118,-0.2971361345784258,-0.23609124746920301,-0.16800462290224646,-0.1201596513153278,-0.12461131568950096,-0.2134387608307136,-0.20435688332706986,-0.1903744960607238,-0.1251125757611666,-0.19692611399239668,-0.19958216784319005,-0.24744693040435,-0.28138208180693397,-0.22148119432156976,-0.21355086009087826,-0.2403165877835141,-0.24471644651308144,0.06764823631328187,-0.048084949781477954,0.08501046913037469,-0.04529511350570131,-0.12771630262437655,0.06035794259561414,0.0278912797894125,-0.1337667709723765,-0.08296598718417886,-0.29038799087262035,-0.29996017676937753,-0.30867470638635713,-0.25991332617996865,-0.25479956885422267
HALLMARK_E2F_TARGETS,-0.3477272301922085,-0.3295688385458945,-0.3319149010972219,-0.37486079979589876,-0.38159081386342625,-0.3982976758567734,-0.3174510401172795,-0.4738378126438434,-0.37644425558544675,-0.5084345801371314,-0.48209421651421314,-0.5006712482127968,-0.5456026411958906,-0.431768884699018,-0.6424689992331997,-0.49692462988694086,-0.6590266880443262,-0.734036885547435,-0.6949417301378166,0.1982416435354133,0.3138164868533529,0.29108343490324673,0.36326265887356496,0.24188414011523957,0.2606473915272949,0.3304445913998382,0.29315140013802676,0.1988613695448837,0.4481800283248766,0.3202168758510932,0.31870845044936447,0.38152216804539774,0.3848714044120294,0.2056418823084003,0.11395750287184049,0.2215928862772436,0.20859826877777626,0.08215603135897478,0.08382245829086798,0.1803684847389045,0.10831008103160915,0.18099413633084666,0.05169505013030519,0.12403212969282232,0.06989960837628828,0.2657505166591693,0.0662566503809181,0.1134824200927084,-0.5669463559624939,-0.6019438440182847,-0.5267344429514047,-0.5602990708064027,-0.5326223675765287,-0.5286378979653202,0.2696058890814544,0.189428004218791,0.27158629069284773,0.2498234304315587,0.24540220030446278,0.23917179261337157,0.22449112063167867,0.20572446511225617,0.2366226178120298,-0.19343701780333988,-0.1899126874594409,-0.055942029745642094,-0.010078752159253718,-0.11601601716601218,-0.015922197467414717,0.3389245181356466,0.283707926692333,0.34184457119130185,0.21625455299073854,0.22864428848485585,0.2831389434134409,0.3112391915103682,0.22629834562545642,0.22077833372563138,-0.6047525964022903,-0.5575250201426534,-0.5953375415951068,-0.5173576024096082,-0.5391438052931155
HALLMARK_EPITHELIAL_MESENCHYMAL_TRANSITION,0.31182543832276355,0.3434202901315996,0.19766437300619624,0.2937354280738589,0.2292514436767099,0.2789874163568081,0.21603254329126517,0.12153683902546653,0.32861920723992283,0.17270100109896064,0.23551827393674404,0.1569018544165134,0.21601561951043863,0.14446870658617153,0.1114899274945873,0.10232529893543313,0.15147226129311117,0.045840681831369856,0.11883825593836465,0.28629193711648177,0.26686900491607235,0.28402802017339013,0.23310097056348122,0.20516964734967444,0.2509190321474192,0.27461870792973925,0.27557446593597607,0.2629004982462414,0.13110444537599347,0.1584135413146313,0.15500464857374308,0.10967346198453769,0.18047982165091475,0.01946538366909839,0.005881377850301905,0.061241080776541654,0.020176383165557144,0.049011615157209976,-0.010044480311134807,-0.35184990243587355,-0.3088506446832161,-0.3368191133375192,-0.3192722852680689,-0.3668404166025278,-0.3119729416925516,-0.2984490850013729,-0.2972097535873681,-0.350021138423197,-0.29267985201626795,-0.3131561306006815,-0.27943582175971293,-0.2931380601241846,-0.32431766495150127,-0.294146520403922,0.011250855968612805,0.056942346594636636,0.011890559949057855,-0.07109906253360053,-0.03275303613914368,0.06260463049392334,-0.06455018255930313,-0.06476318371141376,-0.13743950134221872,0.056735586280028616,-0.01688263066677792,-0.022320078917791836,-0.0017294472484580825,-0.013736104511984315,-0.048197910460602844,-0.21272679420539659,-0.21047532002849312,-0.19398911060494534,-0.2888386123405752,-0.2747343402812204,-0.2400215598166407,-0.2618959513189042,-0.3280514634028653,-0.2592282471058779,-0.20891844761393108,-0.14216598456488766,-0.19522182917369782,-0.2081733692109294,-0.19581289194893586
HALLMARK_ESTROGEN_RESPONSE_EARLY,0.019178532961928146,-0.04034674833846463,-0.07703044824469703,0.010290501498020382,-0.10203070517087669,0.026793842289854652,0.036174987818931,-0.11293310871377649,0.06130048669247187,-0.08110357424107854,-0.12728416575096074,-0.17248665459990814,-0.10307266094721164,-0.1519175411966245,-0.08660822013668662,-0.029636753266622462,-0.18417235391315082,-0.2454627595281811,-0.16744354468336026,-0.16749518341990333,-0.1774536908507566,-0.15214655681025638,-0.18947710798387035,-0.17765733255490457,-0.17254578733498321,-0.14125279913276373,-0.15318117779166712,-0.16206013244723394,-0.1795384484699361,-0.13549774476102155,-0.17576257785014252,-0.22262313455238014,-0.20434533122095902,-0.26830415229601623,-0.30231317939263075,-0.27102193824389725,-0.28241641869367834,-0.2767435884060611,-0.2603156810666435,-0.0336866099510193,-0.05527001665363984,-0.016445551180559154,-0.108697001776026,-0.0796432495283878,-0.13619044639747963,-0.16334969668702737,-0.06530093057289155,-0.1608310049718611,-0.01306692493371947,-0.015781907567913284,-2.3519214193798432e-4,-0.003434062851225661,-0.01762745817344022,0.019118516646304762,-0.08787610993808773,-0.10216478628225938,-0.11777494280013019,-0.13879681965408952,-0.15644840955877956,-0.09755918570397816,-0.20111721887641726,-0.23950769281684214,-0.227382031789233,-0.046720728727507044,-0.030423611161696923,-0.015970881175537827,-0.06027278815137116,-0.11072456737367668,-0.07218673876074666,-0.01944002328241523,-0.08193941718458916,-0.06642135007635691,-0.08412062347826234,-0.19345716635967702,-0.208707235018735,-0.18271701174945137,-0.17566827827979523,-0.20756032113591952,-0.014485714786575149,0.01571332147892948,0.011286303592640906,0.009173732275938068,-0.05575505244335027
HALLMARK_ESTROGEN_RESPONSE_LATE,-0.08057340872068856,-0.035139575199148634,-0.09714556857727491,-0.0635629246297723,-0.13143088749967455,-0.07261123224325836,-0.010911965313598448,-0.1426493512716866,-0.02846354080881451,-0.046359613794248786,-0.11603083292910384,-0.1479412416390199,-0.15839314271368693,-0.2135767365244981,-0.20811462596274793,-0.14802382241495102,-0.2090423931289649,-0.24008677040907167,-0.2519980035208511,-0.20603606821283282,-0.19444611011371982,-0.17932915191424081,-0.22546136067347738,-0.2077847872470441,-0.21291058824612147,-0.1864551570158962,-0.17295851931320444,-0.17042136738302954,-0.19632024612331922,-0.18031337738074232,-0.1808802099819794,-0.23042659392288425,-0.20138290633698933,-0.25473412906752535,-0.29583300081952923,-0.27251689295865933,-0.2455794016161677,-0.2652836083280699,-0.25504245710143253,-0.00763398302082513,-0.004735294878508989,0.022860865400767733,-0.02211931352325064,-0.011867777478678426,-0.056696681293620654,-0.027275612494717744,0.00875951086317242,-0.09158803457384473,-0.1309683886859518,-0.07992426918168899,-0.08874251602000444,-0.107357744670139,-0.12512002668038755,-0.08884086342416858,-0.14501909510820749,-0.1332660693952708,-0.10310569094409651,-0.17191680692191325,-0.16128780939448656,-0.12941045669567264,-0.19047111904431088,-0.2494886052549218,-0.22437124173572695,-0.10631967008195654,-0.07553818064152786,-0.02624289940845126,-0.056033810675491735,-0.1335875377750975,-0.159708932281944,0.07548909288557282,0.03534895831385662,0.05661041087308763,0.05504193937932017,-0.04645205703932387,-0.022444146758062,0.04856799021535507,-0.06490206365058276,-0.048533359667586484,-0.02656873201958196,0.042095366636743764,0.04673772481459049,0.07711410468650381,-0.0962460888126232
HALLMARK_FATTY_ACID_METABOLISM,-0.21587935515326193,-0.21812065674030015,-0.3241210708660179,-0.33773963755870345,-0.32548115603320643,-0.303360504569429,-0.25324033967125614,-0.2952505462247688,-0.2358491849720306,-0.1453415818303082,-0.2838378307368179,-0.28047945696489984,-0.2592608431391587,-0.1962254189146238,-0.2318488779153021,-0.2626609449267021,-0.22605161968830634,-0.25764078502672993,-0.1370540461051,-0.19214231735429874,-0.13634492018123529,-0.19108372966947035,-0.1685398450905571,-0.21870865548205368,-0.204132548445761,-0.10556400977444126,-0.1732957623959223,-0.17956567322315875,-0.13807563733789732,-0.11019733691071593,-0.10559526489158251,-0.11717043017385023,-0.2371960590574172,-0.0087035622502257,0.07593551763440293,-0.02427359823083511,0.0640547076670689,-0.07792264141186032,-0.019478078553920586,0.16073305841559873,0.2493357000553732,0.23488766899577407,0.2967538844960928,0.29716290296276204,0.3120654568523721,0.35119091828900567,0.2703510985157519,0.2880931879091332,0.23145400315190245,0.11346021529519676,0.2327181779536658,0.2860556180701189,0.247925935853523,0.20977065257620925,-0.17389085139278515,-0.17784255318449277,-0.09791140466737455,-0.1529332630206683,-0.18065573569977345,-0.1990139514609217,-0.2114500893985899,-0.25676201622189126,-0.19310606517215356,-0.1707580117094251,-0.11010269518040824,-0.06151325772881597,0.021170461033183596,-0.10976498349809229,-0.15769253798314123,-0.08846341608247466,-0.19439716833229925,-0.08571491143204851,0.05208916504364797,-0.0958523957105272,0.017669105579628586,0.07146995681433127,-0.05450610479838547,-0.09838447225280672,0.05923877998197838,0.021164691789831463,0.01809948807905562,0.008775885804713918,0.01209559858510545
HALLMARK_G2M_CHECKPOINT,-0.09869734971598236,-0.0687481198016529,-0.0966061220185667,-0.131846488140419,-0.18674417561328074,-0.129536360909278,-0.0021159082735935364,-0.3551164051894175,-0.16455114374111568,-0.40592346025338366,-0.37341309405369844,-0.3564058318357165,-0.4014766056547232,-0.24986139402952434,-0.5039092450232032,-0.3645909054087251,-0.57655328106494,-0.6364180604671934,-0.5872053920155624,0.09240807926145173,0.11924465117542712,0.10529456454160308,0.2020708789873703,0.139659975871826,0.12130069819954942,0.09915851077727453,0.05888685293625043,0.05892641868114565,0.3340509084828612,0.20814540987758867,0.24837947441048325,0.2642213912994701,0.2846867723168436,0.15759462814625197,0.09225728689416159,0.18993870271569008,0.11478427206018957,0.02472788396289241,0.07912641189963562,0.24640281996791075,0.21012996840847675,0.25632721601163944,0.04159264675179106,0.03291254938049039,0.11285400030916086,0.10018462484909968,0.026701270136261113,0.1571731467782203,-0.505639451285293,-0.5469548484960586,-0.49303294822867316,-0.4850932079255506,-0.463094077091832,-0.4751773079501836,0.30131585021209345,0.26194185512537965,0.32075019150441697,0.2813106764372846,0.2184072762135971,0.2981905123032532,0.24654626611750027,0.28161970008998627,0.3037507193772462,-0.1956196422875435,-0.19996151293556177,-0.1133654338155703,-0.14990729240330503,-0.15727325684633853,-0.07846636602766406,0.45569779614567774,0.3955968064966844,0.4427172128099638,0.3279449832406921,0.3171348323622148,0.3469365087958311,0.363719369954891,0.2946807758590534,0.3406317026946901,-0.5075635411137052,-0.4692394634205394,-0.4832428795226531,-0.44878755848147667,-0.4193729241767023
HALLMARK_GLYCOLYSIS,-0.02615491785484511,-0.08424078854939696,-0.06115540857915766,-0.015578006981878112,-0.08208910457343566,-0.07083973361975346,-0.04066327764640654,-0.3122077325643224,0.07220895588892681,-0.165624325548403,-0.24648003786256167,-0.23232434107342664,-0.19204990231166613,-0.30404943838134146,-0.2098802405307219,-0.2903150996348758,-0.36034723886247577,-0.3955570410803876,-0.33734239084330053,0.0669625675059089,0.03324772585859545,0.060524445297759855,0.07017030835447716,0.05632453346518279,0.051276118950857874,0.04443575259173102,0.015622510861412253,0.11992897081441241,-0.06948324284402316,0.037121788410625106,0.03708381311867415,-0.050735271779317165,-0.0978981850472222,-0.21051207840720088,-0.10926112797340631,-0.15635543361829102,-0.14211718525872363,-0.0734344268188648,-0.11609250783175747,0.021121127055001993,0.04846251342231506,0.08004793146172076,0.007321503678187763,-0.00627204853744287,-0.013870189050015136,0.049077990859116266,-0.05090049128089244,-0.05037647502296749,-0.11767638092730477,-0.05558857075652188,-0.13520025734820784,-0.03413065458532172,-0.10477895776922934,-0.02479343699423761,-0.15418174087931505,-0.15283775193444205,-0.15290514003969324,-0.22197297534065763,-0.21683136434014635,-0.22640282946236887,-0.30821504223037566,-0.24633697962825613,-0.26233892488400146,-0.20513581803276487,-0.20902751120580823,-0.18328868269914544,-0.1995051422648716,-0.21119289211104803,-0.19747053176239404,-0.02224525931826929,-0.08829910679537366,-0.015594642055679397,-0.08006692298556704,-0.18391937363621358,-0.13382286864118392,-0.13619610952945577,-0.19432285788843362,-0.16000019584531106,-0.16166586047593698,-0.15065087441320824,-0.18262683322949214,-0.15039821521259636,-0.15689495798324027
HALLMARK_HEDGEHOG_SIGNALING,0.3744905768857603,0.3715281293918558,0.42705446679073494,0.34922622412149756,0.4113325702653366,0.4482213855306905,0.48078708980513934,0.1929101069860617,0.4219270145418799,0.13042570750209775,0.23026612027733823,0.3013098988720478,0.17269449993180458,0.2968886114042619,0.26348668255938573,0.2982719410093726,0.2114192252365948,0.26632099787514113,0.3505832302621358,-0.19398325398353303,-0.08323258658383727,-0.06356697857573523,-0.11472446668116064,-0.16574155329699983,0.01276628680452338,-0.0682434969285588,-0.06893655145020529,-0.015774066005050408,-0.009128594518982708,-0.23367834474954052,-0.18212731063374948,-0.20681818310788216,-0.2333004198904445,0.053040647260360285,0.012361437984047458,0.11078608319004984,-0.0038019441917881425,-0.06673698553516574,-0.08185473225988835,-0.36829894721477285,-0.40060522645420826,-0.3560845541064848,-0.40668580071507643,-0.4230601176910634,-0.4422159011483417,-0.35452274460867816,-0.3616322114223785,-0.4075615867706428,-0.3026813140781923,-0.29673915282975705,-0.32789261418829896,-0.34668494153124535,-0.3153144029038462,-0.35375631979322464,0.27134770865720403,0.020173397065377463,0.06822295428439998,0.2628395131365382,0.33430835117144253,0.16248983628251912,0.3440019275664172,0.02034991375082218,0.1822900553710035,0.2803242476247551,0.1752424980145725,0.10998792799210536,0.17314064835770984,0.24129511324110398,0.1398286170159337,-0.25713939863547336,-0.09934269766629364,-0.13120277350897536,-0.2241974183248991,-0.20530336507607716,-0.2718072120527427,-0.20608038243420512,-0.19876092753882754,-0.21338418980649007,-0.1164754123070263,0.013449548597720212,-0.08666746216464397,-0.17173672439440418,-0.2574314784280357
HALLMARK_HEME_METABOLISM,-0.04646891860112348,-0.08571522893597457,-0.062473533455890046,-0.03855845068316244,-0.1628225192960157,-0.10417522592903082,-0.04286214662697008,-0.06509458232769857,-0.03006515723664141,-0.05316292355972574,-0.025449742189819324,0.01853431883544543,-0.03784905876285842,-0.04538712991044372,0.06734860005780154,-0.06946414724211908,-0.042645996341455286,-0.047462863862781396,0.020310175653244916,-0.1471485421570997,-0.14001359444246889,-0.21351920779508343,-0.1540601210672156,-0.1290312393654981,-0.16770373140302114,-0.1953840270252093,-0.18720697100335704,-0.18495543534558176,-0.16470859914164654,-0.192123541834419,-0.19542659092534537,-0.19312920403016454,-0.14975237135830005,-0.06371380370659213,-0.00772116022852351,-0.026396022300149702,-0.03374716702610456,-0.017273878547680088,-0.0038799597368857353,-0.18674241309245124,-0.20124379683636495,-0.19754196511086658,-0.18501585192833447,-0.2156835121717071,-0.14946257717334344,-0.08248827651351892,-0.14412965972111452,-0.23861781522839048,-0.05525470501231258,-0.09572418785679136,0.008472714460881076,-0.02911867701653445,-0.014529566774686475,0.03982984958536209,-0.1365533967298428,-0.058820134469188254,-0.07913950788591187,0.003075253226004465,0.032962607059174726,0.05771504194103205,0.06296835169673545,-0.037978933343611854,-0.060612297782996885,0.04694657702438185,0.07817823441615969,0.11041872592479113,0.01637544413108355,0.08639973405759037,0.04910170071726988,-0.09124469789933856,-0.15989874323611858,-0.06794977314159797,-0.06380073713773474,-0.07703175263880778,0.03508226697742811,0.038297831104137786,-0.15520617062397468,-0.08441492081775866,0.11940684058062818,0.11254635929630179,0.127266149826167,0.09762384354133406,0.09866552231306151
HALLMARK_HYPOXIA,0.20843799122984424,0.20418922377815513,0.1845847524883174,0.2203615419788042,0.14582406270151638,0.23598707314744577,0.20385750838244648,0.08019824471932015,0.3297269741624602,0.044787887797960946,0.10521651463535776,0.14266644793495825,0.22670607706018306,-0.030824788762867178,0.02716996909696126,-0.030691040007097187,0.018506929195806918,-0.1897316190704226,0.03971572643058413,-0.050509514615318524,-0.028555113482529954,-0.03090803161192443,-0.01092729416385349,-0.03119749749794276,-0.03708401516394108,-0.008303207552424863,-0.019376996823600612,0.0045418688426837606,-0.0641755439910521,-0.05773095988216155,-0.09918427414883609,-0.1764530104290455,-0.13690134518115188,-0.20524572971259228,-0.185711116903853,-0.21343552792458653,-0.2058931492827805,-0.20032473466016662,-0.215374614782797,-0.18301910658287066,-0.19956932069392525,-0.1294494507425331,-0.22894554654109728,-0.19125932939892326,-0.22993691825691304,-0.06031096437536526,-0.15935072786508153,-0.22482450402993215,-0.1354620810625056,-0.1905627108015032,-0.08279578266606619,-0.04074527155329191,-0.11122048256695191,-0.07237658184793785,-0.23988150514756867,-0.19765196013297676,-0.2112244510339779,-0.23105009805668214,-0.2320239438728474,-0.27284327015781756,-0.3119093326245886,-0.2988305946025559,-0.3317747472454245,-0.1776306861024617,-0.16213075210688638,-0.1363178423445338,-0.1118933426757312,-0.20281291788237768,-0.2356559048865679,-0.2622025953651087,-0.3408060797743258,-0.23722978626151114,-0.3202647589472452,-0.3579858642508314,-0.28395413983454293,-0.28443303379776835,-0.36174103265105206,-0.3352182136821302,-0.1626900351856425,-0.16590314362211173,-0.18757438772977095,-0.15851551536862146,-0.23142119943545986
HALLMARK_IL2_STAT5_SIGNALING,0.07439675086411117,0.02990031501680296,-0.007440254073548647,0.15101887431754685,0.07028223439677163,0.08448223056290394,0.0871555418078418,-0.17593170857458218,0.05104434739193307,-0.006239656964411616,-0.13881653937851302,-0.06909805687117283,-0.08999992673812084,-0.06763405083458067,0.051860297164341984,-0.009191509583607621,-0.18003080980686648,-0.18836535971413573,-0.06681612073803957,-0.05395544257555815,-0.012359247184948352,-0.05707902747364252,-0.10029939296896419,-0.01974401878905921,-0.055616257373268,-0.06740126912025193,-0.07310816789074681,-0.006789244816884532,-0.2589777029543532,-0.16715943259362506,-0.17440551514577418,-0.16054349689637548,-0.21583294961809787,-0.3496887404391557,-0.3301998199152718,-0.3315751238137794,-0.33739813070059876,-0.28720295226897435,-0.3202254244509653,-0.17264063976601113,-0.1966593765063305,-0.20088903271566183,-0.151272272602537,-0.23693726183769007,-0.3566813308935147,-0.3074733209480091,-0.14741237697946005,-0.254602000475125,-0.20973570581065729,-0.18524320587746368,-0.1524041795206612,-0.15026954309044627,-0.21353059068300284,-0.18737202450723983,0.20950775278055433,0.25391276280869635,0.02537481004560077,0.1289332920499427,0.2199288261388187,0.07983358905894838,0.15152795238267175,0.1705030097198987,0.1648528842502862,0.07267188630139554,0.15197669252620513,0.12741094947616965,0.15782253268109908,0.09826975224396169,-0.0012605334460090434,-0.04490589836178385,-0.12011102784178068,-0.11672209060007821,-0.23835882583185963,-0.2830770100903004,-0.2792526264142228,-0.30101152995626645,-0.19441855242578412,-0.2806806554235621,-0.205816420467067,-0.16401365791871947,-0.14528272257786012,-0.08160587318496171,-0.22210678463427064
HALLMARK_IL6_JAK_STAT3_SIGNALING,0.09662491274409069,0.026781041983516024,0.0952320496353102,-0.002074880475384122,0.06305124357874886,-0.11300389668606967,0.05058048685515276,-0.09636742707925186,0.019660384732361535,-0.022195377857423843,-0.10050955331001768,-0.030591674024723542,0.020758109798786478,-0.06837506912115399,0.16265984405879974,-0.08643420576757105,-0.04232860895090755,-0.1323987177252124,0.2515117241804106,-0.35710693483122224,-0.15802731364660005,-0.23965094740731138,-0.28533526313373964,-0.20481153636831176,-0.3024730126115903,-0.2670852850109013,-0.3217408559920845,-0.3026842525353434,-0.31396872600529663,-0.4185991413512939,-0.34710459915587394,-0.34078008271235877,-0.39870333608134617,-0.45153347781301967,-0.4697614935282023,-0.4789251555217399,-0.45248560220927037,-0.4111194107822828,-0.4227842521451338,-0.31504541915387435,-0.30346273457504735,-0.2569758853040559,-0.30393989860793813,-0.22154146426538812,-0.32774833022681454,-0.3482501387452321,-0.2258366176586472,-0.24804809548854692,-0.19733553466421608,-0.28147711010754556,-0.13185592143936947,-0.2333505982323253,-0.26162243894191856,-0.15483159271093644,-0.06435662299509862,-0.005697831002843157,0.029058985658729386,-0.10927850457076455,0.06593480026557985,-0.03731152983417871,0.016505881875781753,-0.06837527640512508,-0.014827877854137195,0.07489175112741431,0.033878645541323,0.023887348631840083,-0.010610266478180419,0.15319637028476832,0.11059565618270115,-0.2260681093920587,-0.17345229026733588,-0.27826303181183965,-0.16146703099448023,-0.35295381700254674,-0.2815262566568472,-0.3074465165532083,-0.19393005037137115,-0.36048298276720053,-0.20827599426849996,-0.2021108117894318,-0.026565868681362653,-0.076794989302061,-0.16443604389810929
HALLMARK_INFLAMMATORY_RESPONSE,0.1439611435215038,0.1301826795687792,0.05232268716642935,0.09259758242777766,0.006221056956197429,0.08845450500221186,0.05338969285942288,-0.08872677500845261,0.13997175524370745,-0.02390689809956592,-0.03072407884559475,0.045565665552490836,0.020421342527825098,-0.03729313705041229,0.08304915101299185,-0.0337286871285937,-0.05793264039467447,-0.17426118821027392,0.11350881675743037,-0.14081014697788588,-0.14892233389461224,-0.16294096998917768,-0.21269654831617513,-0.13239305120645598,-0.12612495592687767,-0.08476957161133226,-0.04791778826986941,-0.19478280367411135,-0.230861749608635,-0.277060852294413,-0.2950944039592667,-0.25419841780603397,-0.27564097506082474,-0.3910590750551501,-0.3946385078030254,-0.4022635935957202,-0.3591474181620433,-0.4173991452664254,-0.40011277594443134,-0.23946925768686692,-0.3062397832894228,-0.2329529571599492,-0.2115929207297732,-0.26944263271616564,-0.3288017569008238,-0.21127196394942482,-0.12668889651249404,-0.2629738820246563,-0.20969814013957438,-0.17095493471809992,-0.10828655974959081,-0.16271283057696706,-0.2144595180141932,-0.14283281282963917,0.17830353577515484,0.22834656840038078,0.09158854517409162,0.13835836652414715,0.22259795050976472,0.20925888149941177,0.15474902794019738,0.19611228759797386,0.1639878679409413,0.15978041830073808,0.166843720958927,0.054924675155216984,0.11424774176006974,0.17646377171902244,0.0026433903861597385,-0.14711239507385815,-0.2265771420714304,-0.20868115499949436,-0.30241142670518495,-0.35010263067126224,-0.3321668059649101,-0.3106377985291226,-0.30637126408074655,-0.33490868606854385,-0.2413790964398827,-0.15551225892820386,-0.1616544141741599,-0.19543484726575094,-0.2545610344121328
HALLMARK_INTERFERON_ALPHA_RESPONSE,-0.14542415519084337,-0.2764037774463403,-0.08405226587012574,-0.15941928141358325,-0.028304279344766453,-0.05756337117237295,-0.12779797022670059,-0.0820017992223353,-0.05211703362402656,-0.05363135439108782,-0.10181437870949034,0.018466371586106117,-0.08402703229906555,-0.07729392897566201,0.016959570455969242,-0.2018212719266884,0.0547286314463907,-0.09736916081897326,6.303473471453991e-4,-0.5239727479417366,-0.47934128878297033,-0.5341168567554277,-0.4948661477299615,-0.5277196303681031,-0.5082831234739036,-0.5018372658241853,-0.5287225557986943,-0.5099475888211775,-0.5310748799907491,-0.5451841922338811,-0.5494617753839979,-0.4976429718251464,-0.5037887934718859,-0.555275597489997,-0.5206577109254339,-0.5433812046659183,-0.5227418049484059,-0.5677423124315695,-0.5020200840367366,-0.37138805702934796,-0.39997192686674005,-0.40030291392387035,-0.35879036775090056,-0.41324318963902545,-0.45422473982875244,-0.4096916376968434,-0.3650606516434736,-0.42642850545859934,-0.35329057289064203,-0.356065501918316,-0.3726564683372446,-0.3607247531309089,-0.3617413441645284,-0.3672999179365346,-0.11651666007670669,-0.1380890605839351,-0.15118658009091185,-0.14534105136605338,-0.106955809799744,-0.14076498823824962,-0.09314557155855235,-0.16218995574449308,-0.09714443570618755,-0.1274087697679765,-0.07689806407755662,-0.13993244393530194,-0.1915864144151093,-0.1759649743413627,-0.17311759545103028,-0.5525441864074985,-0.5876696126039553,-0.5488871596770214,-0.5229102067829274,-0.5296561689234832,-0.5506569454293316,-0.541524676771543,-0.5263664716822054,-0.5263788029970756,-0.42910321113851546,-0.44235198944191007,-0.4396436478361655,-0.4014473006071087,-0.45180229472117744
HALLMARK_INTERFERON_GAMMA_RESPONSE,-0.07772579114862982,-0.21466936039188012,-0.09685599743438564,-0.1252913059144648,-0.076324317518046,-0.10582704597414007,-0.09337763692185294,-0.12365344276146108,-0.053266081669396476,-0.023450181666167663,-0.130138145897928,-0.0804327744595153,-0.12558472255084407,-0.09884211885217847,-0.011732886249887775,-0.17252435810462924,-0.025709216174901683,-0.13959959930113497,-0.025998630380361154,-0.4434281253751692,-0.3935466024929607,-0.4092100406154846,-0.44983491236437806,-0.46787762829881596,-0.4438210829092308,-0.3809006951703197,-0.41643895381683255,-0.4487845632726861,-0.42043937809869464,-0.4469666216463345,-0.4182909483354106,-0.38616172232738905,-0.3950966841654246,-0.5062118583909805,-0.4779004680303751,-0.4926163651868963,-0.44251867199072137,-0.5144580452052443,-0.47868443709862724,-0.34513567596822353,-0.38364118891208543,-0.3573652438524049,-0.2971942098686137,-0.3497385604794113,-0.3695775124451949,-0.30062948997410976,-0.2793400742904511,-0.3678236712352208,-0.32173454869715046,-0.339091315630007,-0.30472840047243854,-0.341911029737758,-0.35528299960006915,-0.3173840589123832,-0.018700323310740674,-0.050236149965788235,-0.07052643623966656,-0.09134510611013921,-0.03673903177555249,-0.06976953100634989,5.914926442400215e-4,-0.041598885949916675,-0.06430616257032429,-0.06874490120160792,-0.022202745154700054,-0.04603848044145192,-0.09958223996662016,-0.09354035889142309,-0.13895100883949105,-0.4487662477779261,-0.46763628378200317,-0.4710968686164843,-0.45081295640066427,-0.4433645708863574,-0.4858478508590591,-0.4826664522835392,-0.4517248679500105,-0.45138368046744926,-0.4101368581858801,-0.3934703089206649,-0.4141438580091371,-0.349222214302547,-0.4319686089186646
HALLMARK_KRAS_SIGNALING_DN,-0.06467615181547026,-0.02917723106403472,-0.046021333244976106,0.01964230057483453,-0.02914823936181632,-0.0639264531886963,-0.1328289278724153,-0.04226678502442033,0.044683543324449154,0.06952186787988784,0.03562497147337426,0.08278675910243218,0.08493455533894384,0.005026492157907292,-0.14932279084981337,-0.06919418126225527,0.07357595086418864,0.02914554137707462,0.03381821071542218,-0.2878533753923253,-0.3140234093780775,-0.3143056086735683,-0.2637890031589524,-0.225157410312399,-0.28379632280478173,-0.2898938016327802,-0.2691005070583316,-0.16390980254837467,-0.305559968545629,-0.24446348669791262,-0.30059287518825434,-0.32077306580930176,-0.3059531612477818,-0.2776776240235056,-0.18400899148222782,-0.20548595312962903,-0.2651292074087862,-0.23466607754681884,-0.17558585248514497,-0.07254162751130061,-0.18929489988386033,-0.1659362219816799,-0.08025597284861002,-0.15553864050631627,-0.08409738296750796,-0.15442601894185323,-0.0891443945637993,-0.1121310464040492,-0.06116828331699323,-0.15135217626048772,0.018183230016992374,-0.08753000825288573,-0.06761675334419923,-0.10492313105456705,-0.0012901522281189987,-0.10543191168967231,-0.11547630108327495,0.02444522915288108,0.030421494124287726,-0.014279452905857623,0.09997445694450345,0.040276608151984014,0.10900570817761307,0.040190078708509575,0.11531728223421148,0.09809631163644392,0.12234114971836213,-0.006587555725038288,0.09084409319601758,-0.05531801857365834,-0.16740411788019025,-0.031163745931087505,-0.012120711864494954,-0.04284879222975957,0.03086054542866823,0.0709840481811767,-0.020808240072861084,-0.03793821720548149,0.17611867059369155,0.04550281947047463,0.1610495836484353,0.1055547216544783,0.16870471583044178
HALLMARK_KRAS_SIGNALING_UP,0.00900886231190473,0.009682122271513743,0.046491304971375436,0.0759677183756819,0.07985442972528906,-0.03292496613451071,0.030588894545204137,-0.10979615268064269,0.1664531348228146,-0.18234772483547063,-0.0966107483820248,-0.0714118174137646,0.04625234451443869,-0.06730691655398474,-0.001966944041648405,-0.037831055303761685,-0.10336773452145084,-0.2153071892896652,-0.019341465119887935,0.01815429192853968,0.07612482840831526,-0.03401642924735512,0.005908186450827635,0.011008665290938913,0.030924542037040093,0.027396009222394907,0.08320423692693052,-0.03451528588297592,-0.08277278018200182,-0.0717858226673967,-0.05988879321578085,-0.04826646500664794,-0.05959768435316147,-0.3386458857806092,-0.3115701724929404,-0.32232735031836274,-0.293807207023259,-0.3106824294465844,-0.32249503446670663,-0.16417556064644256,-0.28729476594948533,-0.21687573266086801,-0.20562459432249108,-0.24788403908120185,-0.2942613087297916,-0.2503857743815506,-0.16834261428264452,-0.2394084445897472,-0.14881771799645782,-0.18807312605099133,-0.11849134103973726,-0.14944146091372895,-0.1815146748754392,-0.16244649667420674,0.16899976831136854,0.2056994217888719,-0.0055671756603953015,0.10334990377383978,0.20217270606665216,0.12617995272443597,0.15830386723077414,0.14078287273834633,0.15878946920067438,0.13993944580401335,0.0950780541835779,0.1278181314012239,0.109383451221163,0.10634612406869454,0.006563830691900724,-0.021916012109940736,-0.15657002051988517,-0.055105223684697585,-0.20772723599572768,-0.297969347774572,-0.23649896155444688,-0.18990710006345005,-0.3332319029728859,-0.3057549369552963,-0.1765410476302443,-0.10426058532397366,-0.1724400659293623,-0.08843488241604078,-0.1836885609320838
HALLMARK_MITOTIC_SPINDLE,-0.018218245439604513,-0.03587276756056765,0.12139904901428653,0.01763981560892386,-0.013175904866248617,0.07286870514468974,0.050921306944249484,-0.16745885882128578,-0.08635451324469204,-0.189686368217298,-0.1000244760181473,-0.037824563512887766,-0.11217813038591669,0.08364093393624594,-0.33572116889082065,-0.23594097082335974,-0.3408095136827755,-0.3812056737492666,-0.35593864374468553,-0.3352783007378631,-0.3366652127313868,-0.3272966573184322,-0.30104057331205886,-0.3089721888812863,-0.3124628191426879,-0.3556268181316813,-0.34227745068654103,-0.3383521845071253,-0.23925434092679973,-0.308177659807008,-0.3413979672716113,-0.333025130019836,-0.2709233185107866,-0.10946455866544744,-0.20171046976375312,-0.05198521293596933,-0.14573727106815193,-0.2111922071511714,-0.19932974786143817,-0.06321835353183045,-0.13280826677240185,-0.11937035799783081,-0.07787898137180396,-0.09163597045624085,-0.06677476456991119,-0.08851897141164547,-0.1477774752253951,-0.046120721138042636,-0.29177281658077964,-0.32485170013280856,-0.29223768470512124,-0.3109396708238502,-0.30421590494251166,-0.3202282510496208,0.08135524268712865,-0.04724975441261975,0.05622944818522685,0.15980064142378042,0.139882139345819,0.13661587410524456,0.13267720090745888,0.11243521091249412,0.14239960124523013,-0.04607514269595954,-0.020966864893555787,-0.01627609836048463,-0.09894257106390013,0.0012804147187309989,0.02247886818248801,0.09056363324165495,0.09138906778793351,0.05996195445706598,0.08213573977007488,0.09931044385660442,0.10362091390007766,0.08680489958092233,0.1321059534356953,0.1257263297412457,-0.1707194120105574,-0.22874165321759493,-0.21352948834908952,-0.2106664756789856,-0.1593179886582677
HALLMARK_MTORC1_SIGNALING,-0.26343460430922216,-0.32505040355389603,-0.22604622598716184,-0.23663962678846956,-0.31803636858633144,-0.28493702699519585,-0.230045901465877,-0.47910523820442596,-0.17714282117930186,-0.4889234959921279,-0.4897022371408433,-0.4666901864527854,-0.4661490419562635,-0.4359112585743507,-0.374196060128995,-0.39205289845077385,-0.5348485813861984,-0.6144283764657106,-0.4678562775723962,0.3353678552906397,0.38883442055841416,0.35358550644550646,0.34888431391798536,0.34721668636375896,0.30337445569611793,0.3990099758849488,0.3988630155176556,0.327758961521897,0.3718957186206592,0.3222623702224969,0.3273940016323097,0.37907896389007406,0.3619108387962628,0.17719385564809545,0.2001966552184498,0.17849634124087413,0.24185468584255837,0.14025189825958162,0.1326896602025056,0.13915592724138248,0.14270122346272757,0.23265480627344523,-0.06427386687928485,0.021533243678892255,-0.025903819670295536,0.16685321364538372,0.014149111042827206,-0.054685806995725283,-0.2710291126378871,-0.3251317017783016,-0.21225743592487417,-0.207038814401365,-0.2064008089807909,-0.23630876857919647,0.09652710271866648,0.15208992238888788,0.12742136236651272,-0.154835334112072,-0.08239466370591776,-0.1521909230127429,-0.1041148005230306,-0.11515272333433718,-0.17135339459100432,-0.14448193922653407,-0.13753957883439288,-0.1062635252239241,-0.002822573864961375,-0.12242246739371321,-0.20805531765438207,0.08535870008507412,-0.008544842912929562,0.17070976287990372,-0.14919710966050892,-0.17970790195364789,-0.09886067460850763,-0.020520487106161764,-0.19454350071360405,-0.17567252716146495,-0.34006027290020924,-0.34350585539131007,-0.34969465685208767,-0.3565570997397316,-0.3390968855045691
HALLMARK_MYC_TARGETS_V1,-0.49247781529297846,-0.4935910473138622,-0.49459772351026565,-0.4965130339354345,-0.5383070768278404,-0.5325464757951084,-0.5214107167499878,-0.665300757304372,-0.48061090612381163,-0.6528497104240085,-0.6649329470301596,-0.6624227389320483,-0.6842275370428575,-0.5838315770972371,-0.5226680288135046,-0.4588927967888392,-0.6555672209063735,-0.6812866768749928,-0.6105959056583299,0.3383898432086029,0.3294321498825292,0.32726269217100595,0.3780563258710114,0.328095932830637,0.33900570426886445,0.3369682551980491,0.35460060628837414,0.32096125158248834,0.32419033907410283,0.35701035001136994,0.31051397995831265,0.31620683016138035,0.3194082963193696,0.1718987819036903,0.1636793317631952,0.1938699697107039,0.12912880398699397,0.09462481455660895,0.14843335783272935,0.07437984046676469,0.07244987842665798,0.19298892724792197,-0.06249108523850645,-0.03175701734277639,-0.07050694593153675,0.09275090529082464,-0.08110306860329088,-0.17709122771644822,-0.38338545028938126,-0.45637196280421205,-0.38491320235271764,-0.4101564177731762,-0.38132834739673804,-0.40644800296242867,0.004976219279959587,0.13466869539926793,0.07813274304784376,-0.2040276304141344,-0.20086063031570578,-0.15759829872004427,-0.24133994424098842,-0.14988713375642185,-0.18986616227132452,-0.4518774607791416,-0.4171793742903474,-0.42228710641049694,-0.30856341163316636,-0.43304559102501683,-0.3863793554856911,0.22470772621383767,0.1350298663882844,0.2745970156833272,-0.03533366745017211,-0.08058915657729097,-0.0035751158238227776,0.04138911098113737,-0.1202977383588508,-0.1300001436281285,-0.5967175232180983,-0.538383793109258,-0.5703177712808204,-0.5561861190379844,-0.5616183505885011
HALLMARK_MYC_TARGETS_V2,-0.4618651468948982,-0.4444372029940822,-0.4828452885816232,-0.44100548232635756,-0.4830515525334022,-0.4458080542811161,-0.4531256832301373,-0.6232635045671957,-0.5019756283039761,-0.5906411554288404,-0.6447489225004155,-0.6536577130477623,-0.665221325688207,-0.5516282517075559,-0.53146806191767,-0.4129904268455658,-0.5874179937080624,-0.6497383156683784,-0.6383720021443116,0.6163269735671618,0.6397615018421268,0.6287367316120271,0.618456601283169,0.647126091665165,0.6470005932979964,0.5834137491313732,0.5946862117853687,0.6003079199816388,0.5727753356486878,0.6609773087667082,0.6540862140052384,0.5918333875678113,0.6472388559251381,0.3918223792745232,0.38450956517561385,0.421525080027919,0.369237602305025,0.39336706212908157,0.44161889918392383,0.4321738534408043,0.38369045720289763,0.4248941836402013,0.16898913014601857,0.07926995699896389,-0.03995611473540596,0.013496366916657787,0.08613440826211437,-0.008890170008020754,-0.2662436671520591,-0.34567789329174764,-0.28721818718316083,-0.2838062003289969,-0.29595739625608775,-0.2543435869167414,0.3462595636606728,0.35837115350475046,0.3890073027093256,-0.28097526357291674,-0.27849281255950364,-0.3073908187463125,-0.14608205847217273,0.02899609468370251,-0.21294134548358834,-0.43984716152865416,-0.4289667396729233,-0.446588034879083,-0.3427126215930241,-0.40285293198680017,-0.39639270358188533,0.5227641766378772,0.44423870487473255,0.49625420357519956,-0.04190524098735712,-0.1552757056893627,-0.1796407404697034,-0.14136552712662157,-0.10881110294560117,-0.13335268354268937,-0.7079470145045749,-0.6265382444707687,-0.6754522742502026,-0.5467145683612689,-0.6382210890507424
HALLMARK_MYOGENESIS,0.04879953104142093,0.05258686181720676,0.04040347865712178,0.03586122696591709,0.045370896668672805,0.09870401759545924,0.006169594598527728,-0.0469144541721077,0.05636171636637875,0.1474102909192134,0.07575187944601608,-0.07520893913537177,-0.03149787059363743,0.002124868881376557,-0.028012985099227422,-0.07093330892166198,-0.005094055676016479,-0.0026456617941212623,-0.048434195232410854,-0.16814978360833613,-0.23798456893224623,-0.30618524702853295,-0.27881206754839283,-0.2398198244694566,-0.23334943712220715,-0.325844632407029,-0.2774690100010196,-0.10472302127606202,-0.35865820658877634,-0.2294374804156631,-0.25777827964276184,-0.35347818208926046,-0.3393330391742353,-0.19926637186678145,-0.14941466192189723,-0.205531342984607,-0.1764612466289369,-0.10721372640725942,-0.14375329557167582,0.048579471420422266,-0.0031435076513886273,-0.0017346559079718937,0.0072792471017434635,0.06514034898785948,0.019996365926281318,-0.08996991388249512,0.01718147102695544,-0.030147864302697225,0.014029369868886449,0.18076229937738852,0.015871558608763936,0.06932804875657952,0.022350103093030954,0.0034682900322210164,-0.17357290117712132,-0.14626794304344873,-0.19234132310264265,-0.16035608127943363,-0.14655984082328838,-0.1349131314729181,-0.14063731544332325,-0.14420673644610515,-0.19728988611430318,0.05021847827691314,-0.10790389865810855,-0.0817201334300256,-0.09818283782215181,-0.07532115781701537,-0.03693507377702979,-0.23039426434375335,-0.14887184702090023,-0.2698547364091799,-0.10629255037971859,-0.13326455632839518,-0.14379895658230551,-0.25518808055571823,-0.11213194106044905,-0.04837343510883935,0.11155600475680012,0.054647974861577464,0.12139131020743797,0.10439984844531068,0.055307038142355144
HALLMARK_NOTCH_SIGNALING,0.11654507302645997,-0.014540130713200705,0.02135195419354463,0.09109203740579985,0.05001640308307334,0.02395365798499663,0.05682980424084716,-0.23723195031167754,0.07217342182939765,-0.26271101593536594,-0.2236572015472822,-0.1557011019659581,0.0022316410337946957,-0.1398774227639426,-0.03199875733917354,0.15015664304296591,-0.2284460705796069,-0.12023833932715279,3.9990033485223786e-4,-0.18708081652027292,-0.22781478207601874,-0.15799706067570812,-0.32426033934516835,-0.26256088415365053,-0.2521774151818836,-0.1798885977354126,-0.19759972319225563,-0.2173579140351422,-0.2328521540233284,-0.21923032898487885,-0.15058111546357345,-0.2953476470079499,-0.2014565001893987,-0.2437744728232501,-0.34812515086687174,-0.26140687688956654,-0.16695200611499794,-0.3695495638978094,-0.3061727043525156,-0.16477781020028875,-0.22018221869072024,-0.2741520461341648,-0.25785859315961457,-0.24159887339033126,-0.30630777325700587,-0.12918973656877866,-0.25480808873514005,-0.3439592152271809,-0.14820444561288468,-0.23426302759858555,-0.013267846560164998,-0.0830836532490771,-0.17077639918473203,-0.03469213421854592,-0.037279763868767135,0.04953262805991565,0.16715894066167578,-0.022320652014311743,-0.03409176374563602,0.035854637544478485,0.06373658658486808,-0.2376670702377685,-0.11488943525349393,0.0734617293326418,0.07161468453231956,0.0576802925811879,0.09862208765971225,0.22466545167238067,0.21035706534717577,0.08007149169597993,0.05671255889204396,0.07447793476249195,-0.0401873570103391,-0.03732682318706279,-0.06441349966293675,-0.08909666435383418,-0.11240097230967099,-0.04787666537240845,-0.04755141975844368,-0.005323902031983824,-0.09430931115989016,-0.026216448549933685,-0.052452824534463066
HALLMARK_OXIDATIVE_PHOSPHORYLATION,-0.4731012668702414,-0.5137647626070838,-0.5715092919228256,-0.5156203060092228,-0.5591746959494401,-0.5860710713900966,-0.5463943908631456,-0.5747601753201075,-0.5040544876326102,-0.44949059458627294,-0.5776318232224158,-0.6065631973755828,-0.5953494809211277,-0.5724562363637702,-0.5260875367724606,-0.5079225318996258,-0.5849810158973512,-0.5576490091702399,-0.5102403696164368,0.1556460806409604,0.2260188794144719,0.20664058141990677,0.18135768717675305,0.17228015955114728,0.17481326842899853,0.328378739493897,0.28607913605546753,0.15617061579584068,0.2828858267871754,0.2789292442884223,0.253871180034338,0.33814234986797753,0.24522078689696059,0.19467993624976715,0.1320776404196686,0.1873468865758634,0.27810383347045514,0.10395972973780498,0.11121582014767989,0.2197804950163706,0.27241096080355665,0.3160551465187056,0.25033364563406674,0.29742468981159403,0.2579942630589652,0.38782996767328376,0.29216435380340017,0.25104568647675907,0.24699801849481892,0.034876480409028826,0.21107854836925266,0.26762409016653255,0.2272904662386554,0.27921979198794883,-0.34322266895735504,-0.2787732143955893,-0.16713269841385012,-0.4033852254299632,-0.3627821176036939,-0.39349109090332873,-0.3921135285536673,-0.46999315204935194,-0.4644178403053698,-0.42434888012064464,-0.4274634712751867,-0.34545743835691994,-0.15616929491329062,-0.3852407575026833,-0.3504023768976858,0.13460196154088222,-0.029680322889973992,0.1606630508512378,0.0744925615628923,-0.05788466582859128,0.07868638186244742,0.19195211756945113,-0.03823685905609095,-0.05524259938460814,-0.1502308683492873,-0.04018624741324375,-0.06124386878070261,0.012257494622056622,-0.1255169266459911
HALLMARK_P53_PATHWAY,-0.11114747218811441,-0.10197831890317928,-0.18896170696735703,-0.1078924091856277,-0.1526892883305595,-0.0660067521217173,-0.07100285900057307,-0.1777364340828011,-0.0792429182334578,-0.053463553300805905,-0.08944215354098528,-0.09430975912591837,-0.14584675758880739,-0.2197943120423496,-0.1745143632449984,-0.20093695572446232,-0.22917577923496385,-0.27150007590839975,-0.16737057045769405,0.002104384175314389,0.027818542370457694,0.014319383643069478,-0.018066011065008963,-0.01617106607964852,-0.045945535796227926,0.028486061228612858,0.04878413214387861,0.04896041209992957,-0.0366420434359479,-0.06486239810382383,-0.11628439960326326,-0.08980514407788384,-0.03527647590547181,-0.16939308462794175,-0.2057327671298872,-0.20636996513147093,-0.1719976129134783,-0.17865934786908697,-0.15526493225901877,-0.11823140984839177,-0.10899793975479634,-0.10528826427287027,-0.1544320223490529,-0.16621980154067212,-0.11235234359592555,-0.09128739639050704,-0.16864080344365812,-0.16006649248197197,-0.10887021114447483,-0.09522904205425592,-0.10060561268479738,-0.06413199996069723,-0.05864094938686262,-0.08746908494902852,-0.05777196420444802,-0.04258017930450836,-0.05737704719261494,-0.14549530938948035,-0.07273194743617167,-0.13957840087621287,-0.12058885106847433,-0.1243804047431225,-0.15880732391398877,-0.11202062662840617,-0.151751800358828,-0.10271874971486392,-0.07979718399958119,-0.08435295685763335,-0.21564212155995022,0.01061495545592056,-0.10290215047601883,0.005418447536682247,-0.11861285141287214,-0.1338895520156231,-0.1112082991189167,-0.0935405903406761,-0.13894393654045117,-0.13916134337147895,-0.08401388101335412,-0.04998876748705228,-0.04782915288289019,-0.059251289019780634,-0.08179322288812525
HALLMARK_PANCREAS_BETA_CELLS,-0.35357218168152366,-0.2759451774001431,-0.4740621349070172,-0.3885420676826022,-0.44581768792722976,-0.3962065503720177,-0.43528770198720007,-0.499161262252319,-0.29288409985518493,-0.4270735288506132,-0.42537649165642505,-0.4407195441131214,-0.4138172376586345,-0.467650266792666,-0.48545910893419986,-0.4041348573103354,-0.4922786624740461,-0.3967525291944307,-0.3045659615652843,0.05305903201056503,0.1835375796035687,0.030985736485753285,-0.01024639693595683,0.08448835873701369,0.13640220586159216,0.1675665480660445,0.19168672906814951,0.07419540685065473,0.1386961985020389,0.10444821566075196,0.0896349475538992,0.2239915785026324,0.14382642825330888,0.0902892953738382,-0.03955619188118609,0.07940007580799102,0.1907656816250119,-0.1204881371445668,0.030086563055228388,0.12047259639324473,-0.12188127080318203,-0.03772308085555126,-0.26429331040064885,-0.012782562179043166,-0.11393598362399884,0.003609220136733149,-0.09279990568212275,-0.07621533503565874,-0.26348515081836715,-0.40217837333192175,-0.25134900813608035,-0.24269881260420034,-0.3285947669154131,-0.2533429587140532,-0.06239578753005379,-0.20404607951252812,-0.004415458275475848,-0.3985145253752565,-0.25161365687133386,-0.385670951002516,-0.2536715909381787,-0.3513641427655203,-0.35277974273976037,-0.3808351377447958,-0.38797127367822803,-0.06887143252129069,-0.11473181063027138,-0.2683513391237892,-0.28310035914518816,0.45019270745335893,0.4599640992189364,0.6232265097535076,0.5572809445423267,0.4320747766423662,0.4181239862862085,0.407122028952263,0.394451124941632,0.3150236466101086,0.412123787283815,0.33230655509814455,0.43303448533980604,0.45689291795826525,0.25997443553491706
HALLMARK_PEROXISOME,-0.2322742627601097,-0.29875347052299706,-0.20556502961132073,-0.2812282143127625,-0.35478120339303226,-0.32998264380660564,-0.25174361066900974,-0.25272871720442236,-0.11974609383352099,-0.19428200397742237,-0.3443495266233694,-0.24286329667717207,-0.27526878819393585,-0.23274699090162793,-0.25998861354379904,-0.31862069568616275,-0.2858266433427366,-0.27437189963149666,-0.25596145974246615,-0.18169989988042917,-0.10109199373698663,-0.1745725192398462,-0.08300691475913685,-0.10856228178141454,-0.17167196131767115,-0.11462289204930401,-0.09032537048730532,-0.14625981009944994,-0.1562633377637494,-0.11276463532520158,-0.10357182145556566,-0.11124591371594136,-0.19118265767362583,-0.006416338751207645,0.028102196008260305,-0.03900956599696308,0.02569941504736263,0.06680642191912872,0.009611127313948337,0.12712410408731017,0.09306762261364929,0.14880054099335516,0.16817019037473435,0.2110966661012732,0.174428614325886,0.25444311182060236,0.1894065137809554,0.17289294735645414,0.1554317117695826,0.12354598393422755,0.13340893205333543,0.20992827449075308,0.1873283350179632,0.20424031355181693,-0.10643853268108928,-0.0451656224512412,-0.05849976424787645,-0.16041224125472087,-0.1738104737921802,-0.09607471322973388,-0.12223176458647188,-0.20379237194207317,-0.1802764049172333,-0.038397666923207396,-0.14486565807618074,-0.06434971457848038,0.00398476343297241,-0.05568988707042202,-0.07323560333765952,-0.031070446116179512,-0.1376536631422507,-0.0022724971633378,-0.03592245781263653,-0.03139487498452517,-0.034820686551606,-0.02086658566034119,-0.08794323757580919,-0.0896094634480062,-0.044455192224855666,0.023329713800887858,0.004992335630100542,0.0400885373823463,-0.042998997140314466
HALLMARK_PI3K_AKT_MTOR_SIGNALING,-0.15368299857734946,-0.13930277098087868,-0.19528808298143055,-0.13730843408954335,-0.21997810367628984,-0.2544998015212185,-0.18947694758893716,-0.36281922052789106,-0.21260961944479095,-0.24299949769475826,-0.4093973575913875,-0.3719915688273434,-0.4244360114955897,-0.3187064725874413,-0.2869984198880117,-0.2174126319307353,-0.4227817819313948,-0.5003374578620471,-0.32986200593860676,-0.009199795952831685,-0.05309979083807356,-0.11332371736965069,-0.07707906307586943,-0.08132647424550221,-0.046834287188278284,-0.023569663312001166,-0.014237789150702895,-0.002984362818017866,-0.0030220503890747985,-0.034270603882082556,-0.024315382786996964,-0.0036514830265222953,-0.0011519425705840414,-0.04224135668048165,-0.1422946852174358,-0.04888587037794018,-0.0490485149963909,-0.04893837731386219,-0.047859558904762206,-0.049887496336438714,-0.06205930565755949,-0.009688339475432989,-0.1709731916353151,-0.15870711045183428,-0.1619804403374907,-0.13017047455192718,-0.11646674635489192,-0.26070070608005436,-0.26271655712943853,-0.2662658483592339,-0.10931769541341735,-0.20923584332252554,-0.14659439695373971,-0.11919252729815939,-0.02191440797774924,0.036257922668759934,0.033440764642921755,-0.08147892188091238,-0.028669942144359195,0.029419860629623845,0.034421134127765735,0.0675607969252427,0.024011182163579253,-0.04274258366848768,0.01222106116485,-0.08610218070496231,-0.10203990073486913,-0.03104519384976895,-0.08170079402481031,-0.08517216338795805,-0.03625651122472501,-0.06591925959283147,-0.1311064184428053,-0.12211238160124166,-0.11158676613635826,-0.1505484540199928,-0.07007949355147572,-0.03566184191728128,-0.3411804378758009,-0.2984993927344485,-0.3094591014278085,-0.3129258088505458,-0.322890051199393
HALLMARK_PROTEIN_SECRETION,-0.13055461480920771,-0.12996153416790296,0.030697496541530506,-0.1065325390119935,-0.14962254873140007,-0.08268661551302409,-0.032748285095388324,-0.12036535254755845,-0.0073949544609402396,-0.18470369812826498,-0.190578481510582,-0.03726488310151779,-0.1466535519325698,-0.18613357446935763,0.1563871307963891,0.026287124510391197,-0.15756732506582397,-0.027839397245334907,-0.047318121894776966,-0.34767981642583307,-0.23867896440748643,-0.2670788021715005,-0.2756167590943793,-0.3312783983680261,-0.29985714567420296,-0.1607702307732952,-0.17773558973995973,-0.308863517105437,-0.13817335550529958,-0.283168481730221,-0.3180674825346961,-0.15333304182108534,-0.19003489326914108,-0.2635487851770725,-0.19966427882043392,-0.19414731767383792,-0.21139513500772147,-0.27115309161501855,-0.20887343877492817,-0.04709951036410023,-0.031672655636625635,0.017038992972264383,0.12732414023052968,0.06252282882240831,0.12902798715810196,0.17372646898636873,0.08291630847354703,0.10424410521529065,0.2238994400129466,0.1005104135748979,0.271082122999553,0.19458124643140096,0.2594967233876838,0.18785851103056972,-0.07044156171511093,-0.16631758027628313,-0.03241698114109878,-0.0662997210683838,0.016973335318577143,-0.005747414023887815,-0.04887859430226349,-0.23090325576329812,-0.02357306880460064,-0.0706221661899766,-0.09287179999087046,-0.021633408889617484,-0.0654897492193759,-0.025478755467188446,-0.06677945910244185,-0.20149749230235328,-0.1997351343559799,-0.15627720510472817,-0.0813664187608067,-0.114800350131113,0.06792247081031366,0.029372371479526108,-0.07965728997289845,-0.11909806055267266,0.17771736617363657,0.16987128783017982,0.21042138125439802,0.1749168477291972,0.11649207069947903
HALLMARK_REACTIVE_OXYGEN_SPECIES_PATHWAY,-0.44128147343483287,-0.4235364307644052,-0.39743390225462016,-0.4004045122753351,-0.4708705508879245,-0.44904043197443266,-0.43701776923533614,-0.5076842160380223,-0.3619747096729012,-0.44035430421302374,-0.4854243363704074,-0.5455027664108434,-0.46487849268388426,-0.5424989034535297,-0.39672768735554986,-0.45167626989279375,-0.5354958088327509,-0.4989796189589709,-0.4583564128359151,0.24892174562454916,0.2661691698607919,0.313112425733383,0.2097665443239077,0.27729584555187364,0.19313156189443792,0.31744462025737397,0.2881554907431363,0.2353649590081199,0.25965614078479127,0.26269418417074464,0.27808067046180407,0.3015217228320989,0.2534544984574142,0.28360344254179526,0.3204428710348743,0.20661192227106426,0.32834560642833877,0.3351293691944976,0.3086919379441936,-0.06130798634854939,-0.016221437868943867,-0.015701201657266073,-0.04734571492678752,-0.03284380830909164,-0.06504042793745413,-0.05872650335558305,-0.1617095683969293,-0.10520875768674648,-0.14906612577029194,-0.18025935898882106,-0.2502860141557488,-0.12158782584414575,-0.2251758432786662,-0.11130583788043658,-0.45595139612230745,-0.3686474190390331,-0.45621683200263197,-0.45973606132617617,-0.5179654452193807,-0.49046540390536264,-0.5122524508050864,-0.43940548696779924,-0.4575768518754971,-0.4447920483712083,-0.5166867267862867,-0.45599619404523145,-0.38320997346961083,-0.4587595867443836,-0.5014572992407004,-0.13115685920125944,-0.13885771756345996,-0.06104427867563897,-0.2416852815643108,-0.19825229232993352,-0.2230333084691124,-0.10017183325978543,-0.21926534655339822,-0.1904353554680873,-0.2510625838692652,-0.33577784167817365,-0.23414474865041926,-0.35134833548968286,-0.17911114302037798
HALLMARK_SPERMATOGENESIS,-0.15756489939165338,-0.07308464428956488,0.0018389856180403286,-0.1271567863592944,-0.06550177711498431,-0.1743286817685658,0.023649347664142506,-0.12433554339611966,-0.16701472471579493,-0.1615160866584947,-0.1332074411047791,-0.08197516861033463,-0.18585465911519045,-0.0488784800681239,-0.272563899913981,-0.28651249749758867,-0.3388445406485067,-0.3173611808556945,-0.36383215542660313,-0.2555727771523625,-0.24936544839709454,-0.29736839874518767,-0.1406322067627608,-0.23761583647779394,-0.2900302539407472,-0.20477777527564436,-0.2594794442133532,-0.22023505881842503,-0.18468886765209788,-0.23055451041007155,-0.18511218668457788,-0.1726499821174567,-0.2444679694781598,-0.06845397181177551,-0.09146712754902846,-0.14097990201490618,-0.0976889860312613,-0.1456072574249135,-0.11187405472570061,0.17049156567449159,0.02489905609618273,0.03947023111092851,0.034031248638539346,0.024306530269586846,0.2272603659203315,0.07307074892864102,0.1403850738519964,0.16533295164592127,-0.19406216839210882,-0.11359676663636903,-0.1348342495247411,-0.18655635589403852,-0.19450898813874642,-0.22490892266393603,0.15202554330580403,-0.08674189946184654,-0.025666754899612926,0.15011779274108605,0.1443118979727818,0.04486928673866543,0.07901353821581926,0.1206662451410286,0.05849625902691016,-0.24863185434535284,-0.17355138832053174,-0.14931336710713633,-0.07876576597394985,-0.06310791661434936,-0.08525593352416048,0.10137839389592396,0.11682387999127117,0.09966055429125284,0.07287472728800545,0.115744152256718,0.17155698781112066,0.09870449315667859,0.1964313837180848,0.09932905109353538,-0.28209890921953035,-0.28363493292586966,-0.22246766026783454,-0.24312879540422408,-0.3383227321696369
HALLMARK_TGF_BETA_SIGNALING,0.10100620391843548,-0.01703923605611371,-0.10301567186454613,0.028625376690111753,-0.2229147099436787,-0.06898420249599069,-0.10707164327674323,-0.17823951156159942,-0.008791505669418276,-0.10415008534726396,-0.125974748767253,-0.27381370116496845,-0.012806014290370787,-0.10472232338034893,0.07107751296987128,0.06752721383896493,-0.06284821068537055,-0.12395375701555464,0.05514394118516561,0.11579751458647727,0.1875653422307738,0.09525782303132296,0.022147349197893434,0.09662759025302822,0.08413843012878841,0.1648352193172472,0.1888728142259266,0.09554220430326535,0.06566079440361561,0.07531649457129472,0.09033726452996363,0.08467118722791803,0.11974046629455062,0.0872490925073556,0.11565150251711032,0.06533823403354555,0.03481721779840788,0.09526614245612591,0.10528290503148982,-0.33356590696236743,-0.36041337003188695,-0.2915451921968152,-0.4164314341039627,-0.5030146937599995,-0.3627418752870403,-0.30742561959552717,-0.36989826239889617,-0.4069993031485673,-0.23683251171193895,-0.352553548843553,-0.09851056012510062,-0.27020510318841595,-0.21361553646753434,-0.15123316539913814,-0.19078291345079623,-0.09871875204336351,-0.1451395096536225,-0.22169749778722034,-0.26637916486224467,-0.1347438529036484,-0.26286187706558833,-0.31753121566601333,-0.2960230757716161,-0.03386447944897361,-0.06741082741681667,0.005358131016755391,-0.058118540102121224,-0.15474592514032817,-0.11138243414629843,-0.1793099670487032,-0.23783346659386817,-0.19563450121625064,-0.3733712122599144,-0.34661991538348,-0.30954221022045914,-0.33377226892511336,-0.4115993465701943,-0.39376085675860584,-0.2103205516717067,-0.19083736406934146,-0.14596276434509045,-0.20653270020552977,-0.3246432328634973
HALLMARK_TNFA_SIGNALING_VIA_NFKB,0.08576744323571422,0.03803923215904348,0.017801778650752137,0.14513965157019204,0.004596458420899258,-0.002261677724262251,0.04378543225350465,-0.0958442738897341,0.10951433569700836,-0.18505617982646955,-0.19695080409570687,-0.05082970507996927,-0.06870995773120794,-0.1416732156820373,0.09299659138187943,-0.06142527864002681,-0.03950132537046837,-0.28048631904158833,0.15692952499728324,-0.0036776302528876426,0.14210863487281641,0.10082755443056002,0.002584024431287607,0.04837066126505521,0.0045471952851610375,0.13462655547709967,0.15275205418538362,-0.09324927014488864,-0.1924187246381756,-0.2832843401665177,-0.2799552335597482,-0.2653070696958422,-0.26094812507981774,-0.4371780079229967,-0.4430963307304721,-0.4052068397798527,-0.36982497633390177,-0.4339716282114178,-0.4432283858015577,-0.2778604658699427,-0.31565368808850724,-0.23851868670871193,-0.35827467449889955,-0.35853386871676357,-0.40157263426658146,-0.19326141463506805,-0.33205434471833284,-0.4022151640696662,-0.25482880149326914,-0.37052931931716465,-0.11267969454117233,-0.17430465820948798,-0.2168374980945742,-0.16148073024609128,0.14232636228888448,0.19123543997632148,0.17782802955144034,-0.009677727823167726,0.10922371461633656,0.019256249130632896,0.046339418506526175,-0.07579612645929198,0.00725716279768468,0.09815588483599166,0.08431348849079368,0.060286518617626766,0.08851468563966938,0.1624180096354727,0.03540181013834781,-0.18613328402144552,-0.3114483431526364,-0.20655385709603918,-0.4574155561508854,-0.4964735966573404,-0.41751376782671074,-0.37932005448767747,-0.49518077918475994,-0.5169787448581811,-0.42951442449678284,-0.3198662795854923,-0.3157283512056924,-0.19172583478610783,-0.3501357913302178
HALLMARK_UNFOLDED_PROTEIN_RESPONSE,-0.373513518025433,-0.4056975353880495,-0.276441863915304,-0.33935135904861113,-0.406002110647393,-0.3871931669180453,-0.31421844961292295,-0.4242150611969311,-0.3138285759543688,-0.4408759806582896,-0.4546192855514012,-0.43120522746796935,-0.4134484132649691,-0.4518326199577319,-0.15119450220070096,-0.2780313044913127,-0.3625274042530698,-0.487164889402221,-0.3786105200309124,0.4458439240812656,0.4750363998583821,0.4774779322391659,0.4463048161480959,0.4566495911334827,0.40853523616342335,0.4459219056335877,0.43786884893888867,0.40825002196379806,0.40953103247896433,0.40530174968948335,0.41944566202068567,0.4243979438775587,0.3824695970346504,0.20964380015004414,0.09341966985100716,0.23300383917328604,0.18149262391872767,0.1761971944921715,0.2147051935403706,0.20142717616486855,0.11861336384111788,0.21362453515375285,-0.06483348736554703,0.013707799210171637,-0.0717241305297523,-0.0050307154396363185,-0.04953564019062831,-0.12438952365035894,-0.011323654771223823,-0.17222654297788048,-0.016617717977786606,-0.03790275983686209,0.015147235607273685,0.06244303063629038,0.03218794984385584,0.07887452843291669,0.14539630717216626,-0.17399274482862906,-0.19388677547879687,-0.10762956004546315,-0.11025256225853361,-0.04810650053836987,-0.0800613588870092,-0.13288258240775064,-0.1534196017892669,-0.14852130651238604,-0.1659300636398678,-0.20437302131653895,-0.08471871181908194,0.1412035739407638,6.454864378000191e-4,0.1845106169213221,-0.2329700329382051,-0.26700847090337715,-0.16595237702964352,-0.13462744717153954,-0.3065228821656674,-0.27712242935284165,-0.3115229657493178,-0.25591180733593566,-0.3509627590582916,-0.2807067672096841,-0.33716055759024527
HALLMARK_UV_RESPONSE_DN,0.06116566281089783,0.04239445302015041,0.1673023633687113,0.2582265756588398,0.11961030757019231,0.2635883328890938,0.12834128505509157,0.0792515098529754,0.14491875445225727,-0.0997397180186927,-0.02401590726045827,0.06693994226851002,0.07999387067253746,0.08777955167862327,0.034173337863627945,0.14184866678927913,0.10499253829422674,0.04744244716639423,0.08731940048922583,-0.27596413583660717,-0.10404495861951044,-0.1703017075470668,-0.16862761776537846,-0.2725051798482073,-0.25568947352657645,-0.10019702633756097,-0.13354584303296552,-0.31337013157178206,-0.06064112471088487,-0.2565058551758776,-0.22153526945377472,-0.1313067834807234,-0.19151834480306923,-0.16658083610047666,-0.2593602590525926,-0.21076408865593624,-0.20455068693129763,-0.32284856697162356,-0.3255654664119436,-0.28232597014581284,-0.3286794229559124,-0.3425628724722757,-0.335312788293256,-0.3402437366946634,-0.3305849417651057,-0.2076340146393435,-0.30096632291208236,-0.26076081590248007,-0.14219710210216158,-0.19699787327289828,-0.14171130164597617,-0.26117294680442155,-0.23866982325271083,-0.1889196741495244,0.1943235042735602,0.166022893922916,0.1417338869246175,0.1317203061802984,0.19691023851260894,0.23948123981297498,0.0564035395081178,0.07720583765883776,0.11104063294208931,0.15841212339773791,0.20488369833302933,0.20055347227011544,0.11451167453063109,0.15876692526741923,0.17714650679205954,-0.15303457569194007,-0.22540718483569422,-0.1995989640822562,-0.253610612396662,-0.2220723493123791,-0.2361402738187831,-0.26588010035330456,-0.2472053979251894,-0.2548736548566254,-0.06269535128820117,-0.05073561209529148,-0.0323194424554637,-0.09940350811086561,-0.1477104893052063
HALLMARK_UV_RESPONSE_UP,-0.3370806110647402,-0.3200133689167086,-0.3816479124229861,-0.37749208339662943,-0.3829072412165549,-0.3820919970860769,-0.3600653902318381,-0.4108596213920689,-0.24104120190651646,-0.3145804257387468,-0.39607800543845745,-0.42808487900492426,-0.4021424393511121,-0.45823527053870455,-0.3313335806074988,-0.32856668191701116,-0.38295292756289356,-0.4410603113693031,-0.40432065543877316,0.005198611783352097,0.038394685619774493,0.02234150379776617,-0.03249857906976761,0.05223747553758393,0.02339710376315024,-0.00268366008970794,0.02771175618140681,0.0429109268125738,-0.07420974262658306,-0.0140106538318375,0.013185383135410955,-0.03739083691779199,-0.01891615391422058,-0.23407114839516469,-0.25533251649582595,-0.2124041887116433,-0.14005529818141227,-0.2236840292280856,-0.16600259437283274,-0.03993468123387195,-0.09086101483236333,-0.05348699480073829,-0.1425487509437311,-0.13285224185422265,-0.14137549077306227,-0.13317662672012365,-0.09306887660155116,-0.11562386570789056,-0.18458768155502348,-0.2789528645170121,-0.19329832764263455,-0.2635991802739607,-0.2390495812911686,-0.23061152697513448,-0.10100821173173746,-0.04157505925719726,-0.07558850257547053,-0.19292295925417766,-0.13539204206958583,-0.2328311573328969,-0.138429349382178,-0.17931278472441337,-0.21279085989030513,-0.17112000532611055,-0.14737580436914274,-0.17544243001686888,-0.1406258341065489,-0.16143412641220983,-0.221763631540019,-0.06577869264687478,-0.09238247812966008,-0.035505723024866015,-0.21546592633494516,-0.22993990927127178,-0.18324490096785445,-0.15742794423148676,-0.20794493053496704,-0.21337767951239858,-0.33804392677127104,-0.28351655019496114,-0.21224863013830314,-0.2816490011551291,-0.32092740526341573
HALLMARK_WNT_BETA_CATENIN_SIGNALING,-0.2614529741328924,-0.3770118172217036,-0.4101396590810522,-0.16658994082719236,-0.32286173507643434,-0.2915630808988413,-0.1647221602543567,-0.34840353319224643,-0.3886613770155607,-0.2820477897188137,-0.41125630490256976,-0.45177819710398825,-0.4292027054480388,-0.24414779670387063,-0.3960202321571986,-0.3896569558590883,-0.3812208020119698,-0.37066649861806694,-0.19608313185250678,-0.17124081298550853,0.13808313189365248,0.052990721080960174,-0.1216846828915168,0.07072830868096672,-0.05501512326319369,0.1031935540941023,0.11360349253427163,-0.1299340787961802,0.01993270978813083,-0.019702018669992993,0.16917305958417303,-0.022396457075483767,0.004523960121328524,-0.07546143781713749,-0.0742971321086511,0.04927815753652562,0.036697930857785915,-0.10945030368610542,-0.08222831649699239,-0.3596600193257211,-0.16322593674850416,-0.25013868176285214,-0.37741463364236333,-0.40580050141598917,-0.4923972843890233,-0.4146167265929975,-0.4337962778593733,-0.440547601622974,-0.38968112818685685,-0.41152883034944404,-0.35726209100625383,-0.3719598441528963,-0.3296781033443727,-0.3743651303692999,0.0599688186789836,-0.0437559715662828,-0.0745402477964964,-0.12583524718535719,0.12070753403369947,0.07031472247817994,0.15729864457043885,-0.05116674732005386,-0.2041296259160199,0.013876457004999815,0.24466628748481262,0.12562359583264018,0.17053038168457743,0.11475056866968866,-0.04218131771222322,-0.050174724005001364,-0.2662426845968924,-0.024092630532407983,-0.20260141703619766,-0.31537337688476175,-0.13510552819621127,0.01163501087305277,-0.3144504261237488,-0.2683734593238731,-0.19281928524267614,-0.15534969933895856,-0.3470474826047126,-0.21544392437623333,-0.18943277572792885
HALLMARK_XENOBIOTIC_METABOLISM,-0.14847722895498972,-0.23061609476212186,-0.22565447117121018,-0.2298415304073423,-0.249324397591616,-0.27730352305598505,-0.22039807013645163,-0.27147344554467756,-0.16979597019967224,-0.16946830869919033,-0.2654668538785922,-0.28291565345729613,-0.23723623165937296,-0.22224322592688703,-0.22620868104435005,-0.1831791381777273,-0.28134811720003056,-0.29180768515622585,-0.16977218601951277,0.059086992636575505,0.03689284475507085,0.04637100147948997,-0.009402755452780354,0.038412960109743516,-0.005363391803254791,0.06032336129636445,0.0902957297281099,0.05549233865013037,-0.05685760305441004,-0.010218174055740631,-0.0054081661432901496,-0.05703278268495973,-0.05642224942613522,-0.08972529569057305,-0.032354967170859644,-0.08491856214033854,-0.02593355398681879,-0.04012060012060603,-0.0348811359986253,-0.007171662695499459,0.034161803332841884,0.03744961247818057,0.0359335091928597,0.08494652589417556,0.062132257414166975,0.07959840282196484,0.034121829505942225,0.036256610763980235,0.0813451432270792,0.01490515003201165,0.0938764250758791,0.11496707052701383,0.10345140858744017,0.09129233375205695,-0.3009443565997825,-0.25686049538951883,-0.2450561433586621,-0.26354260977871935,-0.2806346546648386,-0.28275987481108833,-0.3109325231835287,-0.39213262004334787,-0.332671796047951,-0.16134396617980176,-0.1729216724075166,-0.1777829365500641,-0.17772268190999946,-0.2066058870998211,-0.2945591368768829,-0.0037765455384337066,-0.10166158773759286,-0.019123812741470736,-0.07335158214220192,-0.10766409944779198,-0.0728079421502161,-0.011354484749351995,-0.13875046395286628,-0.13181797151099559,-0.0015304083671666968,-0.022535786768081656,-0.04671012784865733,0.0412335502544329,-0.01079355194401338
